<?xml version="1.0" encoding="UTF-8"?>
<project-private xmlns="http://www.netbeans.org/ns/project-private/1">
    <editor-bookmarks xmlns="http://www.netbeans.org/ns/editor-bookmarks/2" lastBookmarkId="0"/>
    <open-files xmlns="http://www.netbeans.org/ns/projectui-open-files/2">
        <group>
            <file>file:/Users/jimmymeneses/Desktop/ExamenJava/ProyectoETJava/DEJMobile/src/java/dto/ComunaDTO.java</file>
            <file>file:/Users/jimmymeneses/Desktop/ExamenJava/ProyectoETJava/DEJMobile/src/java/dao/ClienteDAO.java</file>
            <file>file:/Users/jimmymeneses/Desktop/ExamenJava/ProyectoETJava/DEJMobile/src/java/dao/NavegacionDAO.java</file>
            <file>file:/Users/jimmymeneses/Desktop/ExamenJava/ProyectoETJava/DEJMobile/src/java/dao/SolicitudDAO.java</file>
            <file>file:/Users/jimmymeneses/Desktop/ExamenJava/ProyectoETJava/DEJMobile/src/java/dao/ComunaDAO.java</file>
            <file>file:/Users/jimmymeneses/Desktop/ExamenJava/ProyectoETJava/DEJMobile/src/java/dto/MinutoDTO.java</file>
            <file>file:/Users/jimmymeneses/Desktop/ExamenJava/ProyectoETJava/DEJMobile/src/java/dto/SolicitudDTO.java</file>
            <file>file:/Users/jimmymeneses/Desktop/ExamenJava/ProyectoETJava/DEJMobile/src/java/dto/NavegacionDTO.java</file>
            <file>file:/Users/jimmymeneses/Desktop/ExamenJava/ProyectoETJava/DEJMobile/src/java/dto/ClienteDTO.java</file>
            <file>file:/Users/jimmymeneses/Desktop/ExamenJava/ProyectoETJava/DEJMobile/src/java/dao/MinutoDAO.java</file>
        </group>
    </open-files>
</project-private>
